trait	snp_id
All cause dementia	rs10101195
All cause dementia	rs10816848
All cause dementia	rs10836184
All cause dementia	rs10860097
All cause dementia	rs11099660
All cause dementia	rs11584308
All cause dementia	rs11765038
All cause dementia	rs117834366
All cause dementia	rs12142743
All cause dementia	rs12546767
All cause dementia	rs12608932
All cause dementia	rs12742923
All cause dementia	rs13072484
All cause dementia	rs13393316
All cause dementia	rs17042852
All cause dementia	rs17154929
All cause dementia	rs215971
All cause dementia	rs2291354
All cause dementia	rs2446485
All cause dementia	rs2758145
All cause dementia	rs2922921
All cause dementia	rs302668
All cause dementia	rs3110643
All cause dementia	rs348147
All cause dementia	rs35749011
All cause dementia	rs36196656
All cause dementia	rs3922636
All cause dementia	rs404005
All cause dementia	rs4145953
All cause dementia	rs429358
All cause dementia	rs487444
All cause dementia	rs4980079
All cause dementia	rs560380
All cause dementia	rs59008350
All cause dementia	rs6076187
All cause dementia	rs6108746
All cause dementia	rs6111609
All cause dementia	rs62443267
All cause dementia	rs6540796
All cause dementia	rs66657970
All cause dementia	rs6735649
All cause dementia	rs6809184
All cause dementia	rs6857
All cause dementia	rs6876430
All cause dementia	rs6940679
All cause dementia	rs6962939
All cause dementia	rs7107464
All cause dementia	rs7141848
All cause dementia	rs7206188
All cause dementia	rs7206657
All cause dementia	rs7240419
All cause dementia	rs72723271
All cause dementia	rs7275655
All cause dementia	rs72923401
All cause dementia	rs72998656
All cause dementia	rs7413698
All cause dementia	rs7681440
All cause dementia	rs7791726
All cause dementia	rs7863880
All cause dementia	rs79095029
All cause dementia	rs7970261
All cause dementia	rs7996217
All cause dementia	rs897984
All cause dementia	rs906175
All cause dementia	rs9268856
All cause dementia	rs9321429
All cause dementia	rs9527836
All cause dementia	rs9792144
Asthma	rs10022260
Asthma	rs10043228
Asthma	rs10044254
Asthma	rs10048897
Asthma	rs1012307
Asthma	rs10141207
Asthma	rs10157802
Asthma	rs10171428
Asthma	rs10174165
Asthma	rs10197862
Asthma	rs10208293
Asthma	rs10233459
Asthma	rs10237103
Asthma	rs10268774
Asthma	rs10435178
Asthma	rs10445308
Asthma	rs10455025
Asthma	rs10519068
Asthma	rs10521233
Asthma	rs10769691
Asthma	rs10773588
Asthma	rs10811256
Asthma	rs10828735
Asthma	rs10835689
Asthma	rs10924970
Asthma	rs10951405
Asthma	rs10955770
Asthma	rs10957978
Asthma	rs10957979
Asthma	rs10964378
Asthma	rs10970976
Asthma	rs11000019
Asthma	rs1101999
Asthma	rs11049300
Asthma	rs11071558
Asthma	rs11071559
Asthma	rs11078927
Asthma	rs111361850
Asthma	rs11137048
Asthma	rs11141597
Asthma	rs11214966
Asthma	rs1122396
Asthma	rs11225569
Asthma	rs11240285
Asthma	rs112461602
Asthma	rs113740863
Asthma	rs114154155
Asthma	rs114190122
Asthma	rs114252942
Asthma	rs114280567
Asthma	rs114326390
Asthma	rs114332009
Asthma	rs114356520
Asthma	rs114381917
Asthma	rs114646018
Asthma	rs11498342
Asthma	rs115366932
Asthma	rs115683773
Asthma	rs115882204
Asthma	rs115958457
Asthma	rs116126524
Asthma	rs116146467
Asthma	rs116201499
Asthma	rs116212486
Asthma	rs116276540
Asthma	rs116278466
Asthma	rs11633886
Asthma	rs11635191
Asthma	rs116493700
Asthma	rs116520962
Asthma	rs11655198
Asthma	rs116940963
Asthma	rs117260909
Asthma	rs117405208
Asthma	rs11745587
Asthma	rs117628011
Asthma	rs11788591
Asthma	rs118079879
Asthma	rs118106262
Asthma	rs11839433
Asthma	rs11877305
Asthma	rs11971779
Asthma	rs12006110
Asthma	rs12074934
Asthma	rs12081541
Asthma	rs12105167
Asthma	rs12143327
Asthma	rs12248541
Asthma	rs1233578
Asthma	rs12413578
Asthma	rs12450323
Asthma	rs12451788
Asthma	rs12468899
Asthma	rs12521260
Asthma	rs12542922
Asthma	rs12543811
Asthma	rs12551256
Asthma	rs12568266
Asthma	rs12570188
Asthma	rs1257344
Asthma	rs12600053
Asthma	rs12622534
Asthma	rs12622686
Asthma	rs12634582
Asthma	rs1264587
Asthma	rs12664685
Asthma	rs12669009
Asthma	rs12691052
Asthma	rs12722556
Asthma	rs12913832
Asthma	rs1293767
Asthma	rs1295685
Asthma	rs1295686
Asthma	rs13037508
Asthma	rs13391419
Asthma	rs13401339
Asthma	rs13405366
Asthma	rs13408661
Asthma	rs13412757
Asthma	rs1346220
Asthma	rs1348135
Asthma	rs141337143
Asthma	rs141602583
Asthma	rs1420101
Asthma	rs14271
Asthma	rs1435547
Asthma	rs1438673
Asthma	rs1442808
Asthma	rs144829310
Asthma	rs1479279
Asthma	rs1491921
Asthma	rs1530572
Asthma	rs1555804
Asthma	rs1588265
Asthma	rs1663687
Asthma	rs1672691
Asthma	rs167769
Asthma	rs16841200
Asthma	rs16867528
Asthma	rs16867713
Asthma	rs16876083
Asthma	rs16894878
Asthma	rs1691562
Asthma	rs16928705
Asthma	rs16929097
Asthma	rs16964886
Asthma	rs16984547
Asthma	rs16989837
Asthma	rs16995986
Asthma	rs17033506
Asthma	rs17036023
Asthma	rs171165
Asthma	rs17167307
Asthma	rs17218161
Asthma	rs1723018
Asthma	rs17277929
Asthma	rs17293632
Asthma	rs17294280
Asthma	rs17461620
Asthma	rs17525472
Asthma	rs17605016
Asthma	rs17637472
Asthma	rs17642749
Asthma	rs17690965
Asthma	rs17742723
Asthma	rs1776883
Asthma	rs17806299
Asthma	rs17843604
Asthma	rs1805013
Asthma	rs1837253
Asthma	rs1861760
Asthma	rs1877101
Asthma	rs188610
Asthma	rs188887209
Asthma	rs190141647
Asthma	rs191386225
Asthma	rs200634877
Asthma	rs2014791
Asthma	rs202011557
Asthma	rs2033784
Asthma	rs2040704
Asthma	rs20541
Asthma	rs2073617
Asthma	rs2147959
Asthma	rs2155219
Asthma	rs2244012
Asthma	rs2279695
Asthma	rs2305479
Asthma	rs2305480
Asthma	rs2309284
Asthma	rs2325291
Asthma	rs232542
Asthma	rs2352521
Asthma	rs2353275
Asthma	rs2373794
Asthma	rs2376682
Asthma	rs2381416
Asthma	rs2388639
Asthma	rs2428494
Asthma	rs2431345
Asthma	rs2473967
Asthma	rs2479808
Asthma	rs2502757
Asthma	rs2514805
Asthma	rs2544523
Asthma	rs2549003
Asthma	rs2586731
Asthma	rs2589561
Asthma	rs2596464
Asthma	rs2646928
Asthma	rs2675724
Asthma	rs2705520
Asthma	rs27387
Asthma	rs2786098
Asthma	rs2825968
Asthma	rs28375794
Asthma	rs2844510
Asthma	rs2855812
Asthma	rs2856328
Asthma	rs2904601
Asthma	rs2952156
Asthma	rs3001426
Asthma	rs3095318
Asthma	rs3104367
Asthma	rs3119939
Asthma	rs34290285
Asthma	rs342958
Asthma	rs343496
Asthma	rs35083325
Asthma	rs351328
Asthma	rs35141484
Asthma	rs356150
Asthma	rs36080042
Asthma	rs3741578
Asthma	rs3758697
Asthma	rs3763309
Asthma	rs3764044
Asthma	rs3771180
Asthma	rs3784099
Asthma	rs3784143
Asthma	rs3796392
Asthma	rs3852186
Asthma	rs3853750
Asthma	rs3859192
Asthma	rs3894194
Asthma	rs4129267
Asthma	rs41295115
Asthma	rs413382
Asthma	rs4143116
Asthma	rs4233366
Asthma	rs4268898
Asthma	rs4290604
Asthma	rs4635580
Asthma	rs4645904
Asthma	rs4658627
Asthma	rs4672623
Asthma	rs4673397
Asthma	rs4673659
Asthma	rs4736655
Asthma	rs4748185
Asthma	rs4794820
Asthma	rs479844
Asthma	rs4815617
Asthma	rs4833095
Asthma	rs4845783
Asthma	rs487836
Asthma	rs4938096
Asthma	rs4954192
Asthma	rs4957798
Asthma	rs4988958
Asthma	rs55798256
Asthma	rs55816310
Asthma	rs56375023
Asthma	rs566767
Asthma	rs56868568
Asthma	rs5743618
Asthma	rs57504074
Asthma	rs57728637
Asthma	rs578196
Asthma	rs58354223
Asthma	rs58521088
Asthma	rs59294057
Asthma	rs59448276
Asthma	rs59568570
Asthma	rs59753639
Asthma	rs60241046
Asthma	rs60244812
Asthma	rs6054973
Asthma	rs6084352
Asthma	rs6122625
Asthma	rs6141
Asthma	rs61613191
Asthma	rs61741390
Asthma	rs62026376
Asthma	rs62026377
Asthma	rs62067034
Asthma	rs62227671
Asthma	rs62344088
Asthma	rs62404560
Asthma	rs6436285
Asthma	rs6442708
Asthma	rs6456042
Asthma	rs646356
Asthma	rs6503525
Asthma	rs6517368
Asthma	rs6586977
Asthma	rs662064
Asthma	rs66714249
Asthma	rs66785688
Asthma	rs6683383
Asthma	rs6691738
Asthma	rs6694672
Asthma	rs6721181
Asthma	rs67335251
Asthma	rs67431028
Asthma	rs6761859
Asthma	rs6858365
Asthma	rs6866110
Asthma	rs6867913
Asthma	rs6871536
Asthma	rs6872411
Asthma	rs6893213
Asthma	rs6894249
Asthma	rs6907629
Asthma	rs6959584
Asthma	rs6967330
Asthma	rs6982751
Asthma	rs7000447
Asthma	rs7009110
Asthma	rs7020553
Asthma	rs70620
Asthma	rs7095944
Asthma	rs7104956
Asthma	rs7112383
Asthma	rs7130588
Asthma	rs7137521
Asthma	rs7161179
Asthma	rs7169793
Asthma	rs7203459
Asthma	rs7212938
Asthma	rs7216389
Asthma	rs7224314
Asthma	rs72699186
Asthma	rs72721168
Asthma	rs72766477
Asthma	rs7281353
Asthma	rs72974161
Asthma	rs73030953
Asthma	rs73132886
Asthma	rs73196739
Asthma	rs7328278
Asthma	rs73302615
Asthma	rs7334050
Asthma	rs7344105
Asthma	rs7358151
Asthma	rs73737676
Asthma	rs73912949
Asthma	rs73976923
Asthma	rs74013184
Asthma	rs74106266
Asthma	rs74346392
Asthma	rs74377925
Asthma	rs74380195
Asthma	rs74609360
Asthma	rs74874915
Asthma	rs74935252
Asthma	rs7493885
Asthma	rs74964132
Asthma	rs7521681
Asthma	rs7527074
Asthma	rs7534485
Asthma	rs75446656
Asthma	rs75515191
Asthma	rs7551641
Asthma	rs75646498
Asthma	rs7576072
Asthma	rs7588010
Asthma	rs76043829
Asthma	rs76096589
Asthma	rs76247873
Asthma	rs76314368
Asthma	rs76506302
Asthma	rs76582905
Asthma	rs76650652
Asthma	rs76684306
Asthma	rs76780579
Asthma	rs76833157
Asthma	rs76917448
Asthma	rs7693389
Asthma	rs7705042
Asthma	rs77156671
Asthma	rs7720886
Asthma	rs77302254
Asthma	rs7733624
Asthma	rs7735563
Asthma	rs7770848
Asthma	rs77829948
Asthma	rs77885874
Asthma	rs77960860
Asthma	rs7807274
Asthma	rs7819937
Asthma	rs7830057
Asthma	rs78558203
Asthma	rs78788148
Asthma	rs78894156
Asthma	rs79014439
Asthma	rs79143957
Asthma	rs7921536
Asthma	rs7922491
Asthma	rs79252495
Asthma	rs7927044
Asthma	rs7927894
Asthma	rs7936323
Asthma	rs79392787
Asthma	rs79835348
Asthma	rs79946301
Asthma	rs80221072
Asthma	rs8069176
Asthma	rs886448
Asthma	rs908084
Asthma	rs9268516
Asthma	rs9269080
Asthma	rs9272346
Asthma	rs9273373
Asthma	rs928413
Asthma	rs9297216
Asthma	rs9356171
Asthma	rs9357733
Asthma	rs936332
Asthma	rs9367895
Asthma	rs9390491
Asthma	rs9486080
Asthma	rs9534578
Asthma	rs9577729
Asthma	rs9589866
Asthma	rs9620247
Asthma	rs9807989
Asthma	rs9815663
Asthma	rs9823506
Asthma	rs9846423
Asthma	rs9866261
Asthma	rs9870718
Asthma	rs9871967
Asthma	rs9883878
Asthma	rs9895098
Asthma	rs9901146
Asthma	rs9923856
Asthma	rs992969
Asthma	rs993226
Asthma	rs9949526
Asthma	rs9963330
COPD	rs10007052
COPD	rs10043228
COPD	rs1012036
COPD	rs10411619
COPD	rs10429950
COPD	rs10844154
COPD	rs11174267
COPD	rs1124480
COPD	rs112458284
COPD	rs113897301
COPD	rs114931935
COPD	rs11727735
COPD	rs11858836
COPD	rs11905172
COPD	rs12149070
COPD	rs12220777
COPD	rs12459249
COPD	rs12510916
COPD	rs1265093
COPD	rs1265120
COPD	rs12692398
COPD	rs12910412
COPD	rs12914385
COPD	rs13105210
COPD	rs13118928
COPD	rs13141641
COPD	rs13180
COPD	rs13181561
COPD	rs138641402
COPD	rs139257032
COPD	rs142700918
COPD	rs1441358
COPD	rs1529672
COPD	rs16825267
COPD	rs16891339
COPD	rs17035917
COPD	rs17157266
COPD	rs1737890
COPD	rs17486278
COPD	rs17707300
COPD	rs17832777
COPD	rs1828591
COPD	rs1923539
COPD	rs1964516
COPD	rs2047409
COPD	rs2070600
COPD	rs2074488
COPD	rs2076295
COPD	rs2077224
COPD	rs2463822
COPD	rs2544523
COPD	rs2806356
COPD	rs2823743
COPD	rs2869966
COPD	rs2869967
COPD	rs2955083
COPD	rs2999399
COPD	rs3001089
COPD	rs3130559
COPD	rs34391416
COPD	rs3741240
COPD	rs3751143
COPD	rs3851050
COPD	rs3923564
COPD	rs4416442
COPD	rs4468361
COPD	rs4508864
COPD	rs4846480
COPD	rs6058526
COPD	rs6087358
COPD	rs6099314
COPD	rs626750
COPD	rs641525
COPD	rs647097
COPD	rs652520
COPD	rs6585424
COPD	rs6667220
COPD	rs6837671
COPD	rs7006821
COPD	rs7078012
COPD	rs7147624
COPD	rs7186831
COPD	rs721917
COPD	rs7221059
COPD	rs728616
COPD	rs754388
COPD	rs7569716
COPD	rs7655841
COPD	rs7671167
COPD	rs7674369
COPD	rs7698250
COPD	rs7733088
COPD	rs7905537
COPD	rs7911712
COPD	rs7929679
COPD	rs7937
COPD	rs7953249
COPD	rs8034191
COPD	rs8042238
COPD	rs8048576
COPD	rs903614
COPD	rs9266629
COPD	rs9292394
COPD	rs9399401
COPD	rs9534578
COPD	rs954820
COPD	rs9951925
Idiopathic pulmonary fibrosis	rs11191865
Idiopathic pulmonary fibrosis	rs12610495
Idiopathic pulmonary fibrosis	rs12696304
Idiopathic pulmonary fibrosis	rs12699415
Idiopathic pulmonary fibrosis	rs17690703
Idiopathic pulmonary fibrosis	rs2013701
Idiopathic pulmonary fibrosis	rs2076295
Idiopathic pulmonary fibrosis	rs2077551
Idiopathic pulmonary fibrosis	rs28513081
Idiopathic pulmonary fibrosis	rs2897075
Idiopathic pulmonary fibrosis	rs35705950
Idiopathic pulmonary fibrosis	rs41308092
Idiopathic pulmonary fibrosis	rs537322302
Idiopathic pulmonary fibrosis	rs5743890
Idiopathic pulmonary fibrosis	rs5743894
Idiopathic pulmonary fibrosis	rs59424629
Idiopathic pulmonary fibrosis	rs62023891
Idiopathic pulmonary fibrosis	rs7144383
Idiopathic pulmonary fibrosis	rs7725218
Idiopathic pulmonary fibrosis	rs78238620
Idiopathic pulmonary fibrosis	rs9577395
Ischemic stroke	rs1052053
Ischemic stroke	rs10744777
Ischemic stroke	rs11196288
Ischemic stroke	rs113092656
Ischemic stroke	rs114209171
Ischemic stroke	rs11513729
Ischemic stroke	rs11867415
Ischemic stroke	rs11957829
Ischemic stroke	rs11984041
Ischemic stroke	rs12037987
Ischemic stroke	rs12122341
Ischemic stroke	rs12435908
Ischemic stroke	rs12445022
Ischemic stroke	rs12476527
Ischemic stroke	rs12932445
Ischemic stroke	rs13143308
Ischemic stroke	rs138364069
Ischemic stroke	rs1440410
Ischemic stroke	rs16896398
Ischemic stroke	rs17490626
Ischemic stroke	rs1799963
Ischemic stroke	rs1800594
Ischemic stroke	rs181541997
Ischemic stroke	rs2005108
Ischemic stroke	rs2107595
Ischemic stroke	rs2200733
Ischemic stroke	rs2229383
Ischemic stroke	rs2295786
Ischemic stroke	rs2417957
Ischemic stroke	rs2634074
Ischemic stroke	rs3176471
Ischemic stroke	rs3184504
Ischemic stroke	rs34234989
Ischemic stroke	rs34311906
Ischemic stroke	rs35436
Ischemic stroke	rs360139
Ischemic stroke	rs42039
Ischemic stroke	rs4322086
Ischemic stroke	rs4444878
Ischemic stroke	rs4932370
Ischemic stroke	rs4959130
Ischemic stroke	rs529565
Ischemic stroke	rs58799304
Ischemic stroke	rs6025
Ischemic stroke	rs60942712
Ischemic stroke	rs635634
Ischemic stroke	rs6565653
Ischemic stroke	rs6808694
Ischemic stroke	rs6825454
Ischemic stroke	rs710446
Ischemic stroke	rs7193343
Ischemic stroke	rs72798544
Ischemic stroke	rs7304841
Ischemic stroke	rs74475935
Ischemic stroke	rs75021220
Ischemic stroke	rs762624
Ischemic stroke	rs7654093
Ischemic stroke	rs7859727
Ischemic stroke	rs8028726
Ischemic stroke	rs8103309
Ischemic stroke	rs880315
Ischemic stroke	rs9526212
Ischemic stroke	rs9797861
Motor neurone disease	rs10139154
Motor neurone disease	rs10233425
Motor neurone disease	rs10260404
Motor neurone disease	rs10503672
Motor neurone disease	rs10870270
Motor neurone disease	rs11082762
Motor neurone disease	rs11096913
Motor neurone disease	rs11099864
Motor neurone disease	rs115134572
Motor neurone disease	rs12546767
Motor neurone disease	rs12608932
Motor neurone disease	rs12651329
Motor neurone disease	rs12680546
Motor neurone disease	rs13048019
Motor neurone disease	rs1320900
Motor neurone disease	rs13268726
Motor neurone disease	rs139550538
Motor neurone disease	rs1421746
Motor neurone disease	rs1488902
Motor neurone disease	rs1491818
Motor neurone disease	rs1510510
Motor neurone disease	rs16984239
Motor neurone disease	rs1788776
Motor neurone disease	rs1923626
Motor neurone disease	rs1971791
Motor neurone disease	rs2006933
Motor neurone disease	rs2036225
Motor neurone disease	rs2199351
Motor neurone disease	rs2278170
Motor neurone disease	rs2303565
Motor neurone disease	rs2306677
Motor neurone disease	rs2364403
Motor neurone disease	rs2405657
Motor neurone disease	rs2412208
Motor neurone disease	rs2782931
Motor neurone disease	rs2814707
Motor neurone disease	rs2819332
Motor neurone disease	rs2838568
Motor neurone disease	rs2904524
Motor neurone disease	rs3011225
Motor neurone disease	rs3113494
Motor neurone disease	rs34517613
Motor neurone disease	rs35714695
Motor neurone disease	rs3825776
Motor neurone disease	rs3849942
Motor neurone disease	rs3849943
Motor neurone disease	rs42714
Motor neurone disease	rs4363506
Motor neurone disease	rs4529888
Motor neurone disease	rs4799088
Motor neurone disease	rs4877387
Motor neurone disease	rs4913250
Motor neurone disease	rs4917300
Motor neurone disease	rs524675
Motor neurone disease	rs5916687
Motor neurone disease	rs5937496
Motor neurone disease	rs6013382
Motor neurone disease	rs616147
Motor neurone disease	rs669446
Motor neurone disease	rs6918777
Motor neurone disease	rs6956741
Motor neurone disease	rs7019351
Motor neurone disease	rs7047865
Motor neurone disease	rs7147705
Motor neurone disease	rs72911847
Motor neurone disease	rs74654358
Motor neurone disease	rs7477
Motor neurone disease	rs75087725
Motor neurone disease	rs75285952
Motor neurone disease	rs7580332
Motor neurone disease	rs7607369
Motor neurone disease	rs7638688
Motor neurone disease	rs7665939
Motor neurone disease	rs7729723
Motor neurone disease	rs774359
Motor neurone disease	rs8056742
Motor neurone disease	rs9533799
Motor neurone disease	rs969599
Motor neurone disease	rs9971637
Myocardial infarction	rs1004467
Myocardial infarction	rs10139550
Myocardial infarction	rs10176176
Myocardial infarction	rs10455872
Myocardial infarction	rs10757278
Myocardial infarction	rs11206510
Myocardial infarction	rs1122608
Myocardial infarction	rs11556924
Myocardial infarction	rs11617955
Myocardial infarction	rs12118721
Myocardial infarction	rs12526453
Myocardial infarction	rs1332329
Myocardial infarction	rs1544935
Myocardial infarction	rs16964543
Myocardial infarction	rs16986953
Myocardial infarction	rs1746048
Myocardial infarction	rs17465637
Myocardial infarction	rs17678683
Myocardial infarction	rs180803
Myocardial infarction	rs1870634
Myocardial infarction	rs2001846
Myocardial infarction	rs2019090
Myocardial infarction	rs2315065
Myocardial infarction	rs2505083
Myocardial infarction	rs2521501
Myocardial infarction	rs2681472
Myocardial infarction	rs28451064
Myocardial infarction	rs2891168
Myocardial infarction	rs35700460
Myocardial infarction	rs35895680
Myocardial infarction	rs4593108
Myocardial infarction	rs4721377
Myocardial infarction	rs4843416
Myocardial infarction	rs4977574
Myocardial infarction	rs514659
Myocardial infarction	rs532436
Myocardial infarction	rs55791371
Myocardial infarction	rs55940034
Myocardial infarction	rs56131196
Myocardial infarction	rs646776
Myocardial infarction	rs653178
Myocardial infarction	rs6725887
Myocardial infarction	rs6941513
Myocardial infarction	rs7165042
Myocardial infarction	rs7212798
Myocardial infarction	rs72689147
Myocardial infarction	rs72743461
Myocardial infarction	rs7528419
Myocardial infarction	rs7692395
Myocardial infarction	rs9349379
Myocardial infarction	rs9914266
Myocardial infarction	rs9970807
Myocardial infarction	rs9982601
Parkinsons	rs10121009
Parkinsons	rs10256359
Parkinsons	rs1027647
Parkinsons	rs10463554
Parkinsons	rs10464059
Parkinsons	rs10501570
Parkinsons	rs10513789
Parkinsons	rs10516839
Parkinsons	rs10519131
Parkinsons	rs10767971
Parkinsons	rs10788972
Parkinsons	rs10797576
Parkinsons	rs10877840
Parkinsons	rs10906923
Parkinsons	rs10918270
Parkinsons	rs10929159
Parkinsons	rs10958605
Parkinsons	rs11012
Parkinsons	rs11026412
Parkinsons	rs11060112
Parkinsons	rs11060180
Parkinsons	rs11150601
Parkinsons	rs11158026
Parkinsons	rs11203810
Parkinsons	rs11248051
Parkinsons	rs11248060
Parkinsons	rs11343
Parkinsons	rs113434679
Parkinsons	rs113564729
Parkinsons	rs113732002
Parkinsons	rs11701722
Parkinsons	rs11711441
Parkinsons	rs11724635
Parkinsons	rs117267308
Parkinsons	rs117896735
Parkinsons	rs11865038
Parkinsons	rs11868035
Parkinsons	rs12063142
Parkinsons	rs12185268
Parkinsons	rs1223271
Parkinsons	rs12431733
Parkinsons	rs12456492
Parkinsons	rs12467316
Parkinsons	rs12497850
Parkinsons	rs12637471
Parkinsons	rs12643261
Parkinsons	rs12651314
Parkinsons	rs12726330
Parkinsons	rs12817488
Parkinsons	rs12921479
Parkinsons	rs1293298
Parkinsons	rs12959200
Parkinsons	rs1296028
Parkinsons	rs13016703
Parkinsons	rs13078687
Parkinsons	rs13107325
Parkinsons	rs13294100
Parkinsons	rs138895122
Parkinsons	rs140278703
Parkinsons	rs140820592
Parkinsons	rs141863958
Parkinsons	rs14235
Parkinsons	rs143918452
Parkinsons	rs144029582
Parkinsons	rs144074972
Parkinsons	rs144814361
Parkinsons	rs144847051
Parkinsons	rs1450522
Parkinsons	rs1474055
Parkinsons	rs1480597
Parkinsons	rs148294058
Parkinsons	rs148534175
Parkinsons	rs1491942
Parkinsons	rs1536076
Parkinsons	rs1555399
Parkinsons	rs1564282
Parkinsons	rs162227
Parkinsons	rs17000647
Parkinsons	rs17115100
Parkinsons	rs17425622
Parkinsons	rs17483653
Parkinsons	rs17497526
Parkinsons	rs17565841
Parkinsons	rs17649553
Parkinsons	rs17767294
Parkinsons	rs17833740
Parkinsons	rs181870458
Parkinsons	rs183211
Parkinsons	rs1867598
Parkinsons	rs188789342
Parkinsons	rs190807041
Parkinsons	rs1941184
Parkinsons	rs199347
Parkinsons	rs199498
Parkinsons	rs199515
Parkinsons	rs199533
Parkinsons	rs2102808
Parkinsons	rs2209440
Parkinsons	rs2230288
Parkinsons	rs2242330
Parkinsons	rs2275336
Parkinsons	rs2276765
Parkinsons	rs2278973
Parkinsons	rs2280104
Parkinsons	rs2296887
Parkinsons	rs2338971
Parkinsons	rs2395163
Parkinsons	rs2414739
Parkinsons	rs2647062
Parkinsons	rs2694528
Parkinsons	rs2736990
Parkinsons	rs2740594
Parkinsons	rs2823357
Parkinsons	rs28370664
Parkinsons	rs2839398
Parkinsons	rs28624974
Parkinsons	rs28903073
Parkinsons	rs2921073
Parkinsons	rs2942168
Parkinsons	rs2979160
Parkinsons	rs302714
Parkinsons	rs3027247
Parkinsons	rs3129882
Parkinsons	rs316619
Parkinsons	rs329648
Parkinsons	rs34043159
Parkinsons	rs34311866
Parkinsons	rs34372695
Parkinsons	rs344650
Parkinsons	rs34637584
Parkinsons	rs34656641
Parkinsons	rs34884217
Parkinsons	rs353116
Parkinsons	rs35541465
Parkinsons	rs356182
Parkinsons	rs356203
Parkinsons	rs356219
Parkinsons	rs356220
Parkinsons	rs35749011
Parkinsons	rs365825
Parkinsons	rs3773384
Parkinsons	rs3793947
Parkinsons	rs3802920
Parkinsons	rs3805
Parkinsons	rs3889108
Parkinsons	rs393152
Parkinsons	rs3935740
Parkinsons	rs4073221
Parkinsons	rs4130047
Parkinsons	rs415430
Parkinsons	rs4266290
Parkinsons	rs4653767
Parkinsons	rs4667572
Parkinsons	rs4698412
Parkinsons	rs4713118
Parkinsons	rs4778720
Parkinsons	rs4784227
Parkinsons	rs4837628
Parkinsons	rs4915466
Parkinsons	rs4921739
Parkinsons	rs4964469
Parkinsons	rs55740225
Parkinsons	rs56379273
Parkinsons	rs5910
Parkinsons	rs591323
Parkinsons	rs601999
Parkinsons	rs6060983
Parkinsons	rs62053943
Parkinsons	rs62120679
Parkinsons	rs6416935
Parkinsons	rs6430538
Parkinsons	rs6465122
Parkinsons	rs6482992
Parkinsons	rs6532197
Parkinsons	rs6599388
Parkinsons	rs6599389
Parkinsons	rs6710823
Parkinsons	rs67460515
Parkinsons	rs6812193
Parkinsons	rs687432
Parkinsons	rs6875262
Parkinsons	rs7077361
Parkinsons	rs7118648
Parkinsons	rs73656147
Parkinsons	rs74335301
Parkinsons	rs7577851
Parkinsons	rs7617877
Parkinsons	rs76904798
Parkinsons	rs7702187
Parkinsons	rs77669894
Parkinsons	rs78736162
Parkinsons	rs78738012
Parkinsons	rs79503702
Parkinsons	rs7984966
Parkinsons	rs8005172
Parkinsons	rs8017172
Parkinsons	rs8070723
Parkinsons	rs8087969
Parkinsons	rs8118008
Parkinsons	rs816535
Parkinsons	rs823118
Parkinsons	rs823128
Parkinsons	rs823156
Parkinsons	rs9275152
Parkinsons	rs9275326
Parkinsons	rs9356013
Parkinsons	rs943437
Parkinsons	rs9468195
Parkinsons	rs9468199
Parkinsons	rs9516970
Parkinsons	rs9568188
Parkinsons	rs959573
Parkinsons	rs9858038
Parkinsons	rs9917256
Parkinsons	rs997277
Stroke	rs10017904
Stroke	rs10057967
Stroke	rs10401969
Stroke	rs10486776
Stroke	rs1052053
Stroke	rs10744777
Stroke	rs10820405
Stroke	rs10838703
Stroke	rs11039332
Stroke	rs11196288
Stroke	rs112904272
Stroke	rs113092656
Stroke	rs113358410
Stroke	rs114209171
Stroke	rs11513729
Stroke	rs115442558
Stroke	rs115600411
Stroke	rs11596587
Stroke	rs116289082
Stroke	rs11655160
Stroke	rs117254579
Stroke	rs11867415
Stroke	rs11957829
Stroke	rs11984041
Stroke	rs12037987
Stroke	rs12122341
Stroke	rs12124079
Stroke	rs12124533
Stroke	rs12157917
Stroke	rs12204590
Stroke	rs12310617
Stroke	rs12369179
Stroke	rs12420422
Stroke	rs12425791
Stroke	rs12435908
Stroke	rs12442374
Stroke	rs12445022
Stroke	rs12476527
Stroke	rs12579302
Stroke	rs12932445
Stroke	rs12939005
Stroke	rs13114738
Stroke	rs13143308
Stroke	rs1333048
Stroke	rs1333049
Stroke	rs13407662
Stroke	rs1364044
Stroke	rs138364069
Stroke	rs139808797
Stroke	rs1440410
Stroke	rs145538381
Stroke	rs146390073
Stroke	rs1500894
Stroke	rs151179736
Stroke	rs1564454
Stroke	rs16851055
Stroke	rs16867253
Stroke	rs16896398
Stroke	rs16939239
Stroke	rs17140821
Stroke	rs1728918
Stroke	rs174547
Stroke	rs17490626
Stroke	rs17612742
Stroke	rs1773225
Stroke	rs1799963
Stroke	rs1800594
Stroke	rs181541997
Stroke	rs1825370
Stroke	rs182734612
Stroke	rs1869717
Stroke	rs188186531
Stroke	rs191750377
Stroke	rs2005108
Stroke	rs2074755
Stroke	rs2084898
Stroke	rs2107595
Stroke	rs2200733
Stroke	rs222826
Stroke	rs2229383
Stroke	rs2238151
Stroke	rs2295786
Stroke	rs2417957
Stroke	rs247617
Stroke	rs261332
Stroke	rs2632512
Stroke	rs2634074
Stroke	rs2689244
Stroke	rs2758605
Stroke	rs2853291
Stroke	rs28593751
Stroke	rs2866611
Stroke	rs2980853
Stroke	rs2984613
Stroke	rs3176471
Stroke	rs3184504
Stroke	rs339800
Stroke	rs34234989
Stroke	rs34311906
Stroke	rs35276016
Stroke	rs35436
Stroke	rs360139
Stroke	rs3803802
Stroke	rs42039
Stroke	rs4300442
Stroke	rs4322086
Stroke	rs4420638
Stroke	rs4444878
Stroke	rs4506565
Stroke	rs460976
Stroke	rs469568
Stroke	rs4704221
Stroke	rs4727833
Stroke	rs478442
Stroke	rs4803750
Stroke	rs4905014
Stroke	rs4932370
Stroke	rs4959130
Stroke	rs5117
Stroke	rs529565
Stroke	rs562338
Stroke	rs56393506
Stroke	rs5744680
Stroke	rs58799304
Stroke	rs600086
Stroke	rs6025
Stroke	rs60401382
Stroke	rs60942712
Stroke	rs61895112
Stroke	rs62367577
Stroke	rs629301
Stroke	rs635634
Stroke	rs638704
Stroke	rs650724
Stroke	rs6533530
Stroke	rs6565653
Stroke	rs6695915
Stroke	rs6759518
Stroke	rs6808694
Stroke	rs6825454
Stroke	rs6843082
Stroke	rs6891174
Stroke	rs7081476
Stroke	rs7088080
Stroke	rs710446
Stroke	rs7115242
Stroke	rs7131262
Stroke	rs71524263
Stroke	rs7190256
Stroke	rs7193343
Stroke	rs72749603
Stroke	rs72786098
Stroke	rs72798544
Stroke	rs72932727
Stroke	rs72934589
Stroke	rs72936869
Stroke	rs72983521
Stroke	rs7304841
Stroke	rs7313112
Stroke	rs73170666
Stroke	rs73198375
Stroke	rs7342953
Stroke	rs73510370
Stroke	rs74154533
Stroke	rs74475935
Stroke	rs75021220
Stroke	rs7506045
Stroke	rs760762
Stroke	rs7610618
Stroke	rs762624
Stroke	rs7632505
Stroke	rs7654093
Stroke	rs765547
Stroke	rs7703051
Stroke	rs77105852
Stroke	rs77645453
Stroke	rs7766042
Stroke	rs77897527
Stroke	rs780094
Stroke	rs783396
Stroke	rs7859727
Stroke	rs78620990
Stroke	rs789859
Stroke	rs799165
Stroke	rs8028726
Stroke	rs8082812
Stroke	rs8103309
Stroke	rs879324
Stroke	rs880315
Stroke	rs940274
Stroke	rs9515201
Stroke	rs9521634
Stroke	rs9521739
Stroke	rs9526212
Stroke	rs9536591
Stroke	rs9614326
Stroke	rs964184
Stroke	rs9797861
Stroke	rs9899728
Stroke	rs9939609
Venous thromboembolism	rs10090114
Venous thromboembolism	rs1018827
Venous thromboembolism	rs1021230
Venous thromboembolism	rs1048483
Venous thromboembolism	rs10498632
Venous thromboembolism	rs10746487
Venous thromboembolism	rs10886430
Venous thromboembolism	rs10919507
Venous thromboembolism	rs11057270
Venous thromboembolism	rs11158204
Venous thromboembolism	rs113092656
Venous thromboembolism	rs113451833
Venous thromboembolism	rs113976843
Venous thromboembolism	rs114209171
Venous thromboembolism	rs115063924
Venous thromboembolism	rs115405361
Venous thromboembolism	rs115865014
Venous thromboembolism	rs115887893
Venous thromboembolism	rs117390891
Venous thromboembolism	rs117784795
Venous thromboembolism	rs1209731
Venous thromboembolism	rs12120558
Venous thromboembolism	rs12122803
Venous thromboembolism	rs12136148
Venous thromboembolism	rs12445050
Venous thromboembolism	rs12450494
Venous thromboembolism	rs12473559
Venous thromboembolism	rs12675621
Venous thromboembolism	rs12732487
Venous thromboembolism	rs12767946
Venous thromboembolism	rs12981279
Venous thromboembolism	rs1304029
Venous thromboembolism	rs13044899
Venous thromboembolism	rs140876547
Venous thromboembolism	rs141237278
Venous thromboembolism	rs141325867
Venous thromboembolism	rs142029184
Venous thromboembolism	rs142286129
Venous thromboembolism	rs143478537
Venous thromboembolism	rs143860577
Venous thromboembolism	rs143928955
Venous thromboembolism	rs144405847
Venous thromboembolism	rs144915398
Venous thromboembolism	rs145163454
Venous thromboembolism	rs145241704
Venous thromboembolism	rs145470028
Venous thromboembolism	rs146033545
Venous thromboembolism	rs147283716
Venous thromboembolism	rs147455989
Venous thromboembolism	rs147751295
Venous thromboembolism	rs148268781
Venous thromboembolism	rs149130695
Venous thromboembolism	rs149328960
Venous thromboembolism	rs149639773
Venous thromboembolism	rs149680046
Venous thromboembolism	rs149903077
Venous thromboembolism	rs150341456
Venous thromboembolism	rs150478906
Venous thromboembolism	rs1558519
Venous thromboembolism	rs1649936
Venous thromboembolism	rs1671135
Venous thromboembolism	rs16861990
Venous thromboembolism	rs17202393
Venous thromboembolism	rs17328181
Venous thromboembolism	rs17490626
Venous thromboembolism	rs1756912
Venous thromboembolism	rs1799963
Venous thromboembolism	rs1800291
Venous thromboembolism	rs181706792
Venous thromboembolism	rs181813804
Venous thromboembolism	rs182484222
Venous thromboembolism	rs182879407
Venous thromboembolism	rs185120584
Venous thromboembolism	rs185558485
Venous thromboembolism	rs1867312
Venous thromboembolism	rs1884841
Venous thromboembolism	rs189484085
Venous thromboembolism	rs190666382
Venous thromboembolism	rs191436110
Venous thromboembolism	rs191856980
Venous thromboembolism	rs191945075
Venous thromboembolism	rs192463896
Venous thromboembolism	rs192519054
Venous thromboembolism	rs192874339
Venous thromboembolism	rs2036914
Venous thromboembolism	rs2040445
Venous thromboembolism	rs2066864
Venous thromboembolism	rs2066865
Venous thromboembolism	rs2180871
Venous thromboembolism	rs2288904
Venous thromboembolism	rs2289252
Venous thromboembolism	rs2425051
Venous thromboembolism	rs2519093
Venous thromboembolism	rs2842700
Venous thromboembolism	rs28446901
Venous thromboembolism	rs2851436
Venous thromboembolism	rs28562194
Venous thromboembolism	rs28802027
Venous thromboembolism	rs3002416
Venous thromboembolism	rs3136516
Venous thromboembolism	rs3211752
Venous thromboembolism	rs34234989
Venous thromboembolism	rs34454320
Venous thromboembolism	rs35352631
Venous thromboembolism	rs3733860
Venous thromboembolism	rs3756008
Venous thromboembolism	rs409169
Venous thromboembolism	rs4148856
Venous thromboembolism	rs41496644
Venous thromboembolism	rs4150416
Venous thromboembolism	rs4253399
Venous thromboembolism	rs4253417
Venous thromboembolism	rs4253421
Venous thromboembolism	rs4444878
Venous thromboembolism	rs4524
Venous thromboembolism	rs4541868
Venous thromboembolism	rs4548995
Venous thromboembolism	rs4602861
Venous thromboembolism	rs4696594
Venous thromboembolism	rs4805881
Venous thromboembolism	rs4869589
Venous thromboembolism	rs4979078
Venous thromboembolism	rs505922
Venous thromboembolism	rs529565
Venous thromboembolism	rs530059570
Venous thromboembolism	rs55724477
Venous thromboembolism	rs55897462
Venous thromboembolism	rs5758896
Venous thromboembolism	rs579459
Venous thromboembolism	rs59559305
Venous thromboembolism	rs59994833
Venous thromboembolism	rs6025
Venous thromboembolism	rs6048
Venous thromboembolism	rs6060288
Venous thromboembolism	rs6087685
Venous thromboembolism	rs6088618
Venous thromboembolism	rs6088735
Venous thromboembolism	rs60942712
Venous thromboembolism	rs620715
Venous thromboembolism	rs62207434
Venous thromboembolism	rs62496681
Venous thromboembolism	rs6427196
Venous thromboembolism	rs6536024
Venous thromboembolism	rs6764623
Venous thromboembolism	rs6825454
Venous thromboembolism	rs687289
Venous thromboembolism	rs687621
Venous thromboembolism	rs688565
Venous thromboembolism	rs698078
Venous thromboembolism	rs710446
Venous thromboembolism	rs7164569
Venous thromboembolism	rs7245232
Venous thromboembolism	rs72705895
Venous thromboembolism	rs72755680
Venous thromboembolism	rs72798544
Venous thromboembolism	rs7297265
Venous thromboembolism	rs72983636
Venous thromboembolism	rs73403190
Venous thromboembolism	rs74965230
Venous thromboembolism	rs7508633
Venous thromboembolism	rs76223987
Venous thromboembolism	rs7654093
Venous thromboembolism	rs7659024
Venous thromboembolism	rs77385328
Venous thromboembolism	rs77662718
Venous thromboembolism	rs78516619
Venous thromboembolism	rs78707713
Venous thromboembolism	rs79795993
Venous thromboembolism	rs8089640
Venous thromboembolism	rs8176749
Venous thromboembolism	rs819131
Venous thromboembolism	rs867186
Venous thromboembolism	rs9373523
Venous thromboembolism	rs9390460
Venous thromboembolism	rs9797861
Venous thromboembolism	rs9880479
